{
  "lr": 0.0003046103655104655,
  "weight_decay": 0.00017321767217417147,
  "dropout": 0.3421413655978008,
  "unfrozen_layers": 3,
  "best_trial_f1": 0.9761761387347564,
  "trial_number": 16,
  "search_time_min": 108.4,
  "final_f1": 0.9791531576589648,
  "final_accuracy": 0.9797752808988764,
  "final_auc": 0.99783531249103,
  "final_time_min": 7.6
}