{
  "accuracy": 0.946067415730337,
  "f1": 0.943688117384877,
  "auc": 0.9929344968587108,
  "precision": 0.9494284671594084,
  "recall": 0.9396294177420268,
  "cm": [
    [
      70,
      2,
      1,
      1,
      0
    ],
    [
      3,
      50,
      6,
      1,
      0
    ],
    [
      2,
      1,
      164,
      2,
      0
    ],
    [
      3,
      0,
      2,
      92,
      0
    ],
    [
      0,
      0,
      0,
      0,
      45
    ]
  ],
  "f1_per_class": [
    0.9210526315789473,
    0.8849557522123894,
    0.9590643274853801,
    0.9533678756476683,
    1.0
  ]
}